TermID, Name, Frequency, PlotX, PlotY, LogSize, Value, Uniqueness, Dispensability, Representative, Eliminated
"GO:0007623", "circadian rhythm", 0.0447524915414734, -3.87854572597778, 3.73067416587935, 4.03482891565584, -6.13929958381719, 1, 0, null, False
"GO:0009416", "response to light stimulus", 0.181909749169596, 0.0812889341863571, -6.64344245934427, 4.6438374488235, -17.3299374061783, 0.839464716131456, 0, null, False
"GO:0009409", "response to cold", 0.0390809786296733, null, null, 3.97598294371255, -15.7461997602582, 0.855910006710986, 0.72202262, 9416, True
"GO:0010114", "response to red light", 0.00283782182840984, null, null, 2.83758843823551, -3.92925846771546, 0.862935128504534, 0.73202644, 9416, True
"GO:0009641", "shade avoidance", 0.000413074501951942, null, null, 2.00432137378264, -3.09352688649197, 0.874165112080802, 0.73527541, 9416, True
"GO:0009638", "phototropism", 0.0035730944418843, null, null, 2.93751789201735, -7.61720681902986, 0.854278108016909, 0.74221777, 9416, True
"GO:0009644", "response to high light intensity", 0.00510147009910649, null, null, 3.0920184707528, -7.00144431419615, 0.858455729274017, 0.75853991, 9416, True
"GO:0009958", "positive gravitropism", 0.00170599769306152, null, null, 2.6170003411209, -3.49690797957005, 0.872709064748301, 0.76920692, 9416, True
"GO:0010218", "response to far red light", 0.00160272906757354, null, null, 2.58994960132571, -1.99809394964381, 0.86646552083362, 0.78161948, 9416, True
"GO:0009648", "photoperiodism", 0.00866630305095175, null, null, 3.3220124385824, -1.42000401822043, 0.861748555301748, 0.78420314, 9416, True
"GO:0009642", "response to light intensity", 0.0103392547838571, null, null, 3.39863432453839, -1.85843964830306, 0.860534724791007, 0.79314107, 9416, True
"GO:0009704", "de-etiolation", 0.00244127030653598, null, null, 2.77232170672292, -3.09190945132609, 0.799833235485367, 0.79721499, 9416, True
"GO:0010205", "photoinhibition", 0.000293282896385879, null, null, 1.85733249643127, -3.12905706665902, 0.813569426577924, 0.81121454, 9416, True
"GO:0010244", "response to low fluence blue light stimulus by blue low-fluence system", 0.000433728227049539, null, null, 2.02530586526477, -1.99807713805847, 0.871150256216862, 0.82549203, 9416, True
"GO:0009637", "response to blue light", 0.0198234453486737, null, null, 3.68124123737559, -1.91981690133795, 0.855871043673549, 0.82794072, 9416, True
"GO:0009584", "detection of visible light", 0.0238220065275685, null, null, 3.76102525171137, -1.41846582264902, 0.843397124456506, 0.83832376, 9416, True
"GO:0009643", "photosynthetic acclimation", 0.000747664848533016, null, null, 2.26007138798507, -2.55183946478407, 0.870253480965255, 0.84621911, 9416, True
"GO:0042549", "photosystem II stabilization", 0.00468839559715454, null, null, 3.055378331375, -2.64441705178296, 0.93570290727625, 0.85227516, 9416, True
"GO:0009645", "response to low light intensity stimulus", 0.000883979434177156, null, null, 2.33243845991561, -5.30903390428369, 0.869302250818692, 0.85280491, 9416, True
"GO:0009630", "gravitropism", 0.0162131742016137, null, null, 3.59395029526399, -1.35403039531208, 0.858270617008867, 0.87791516, 9416, True
"GO:0071482", "cellular response to light stimulus", 0.0480323030869718, null, null, 4.06554237051914, -4.63933177118554, 0.83747878044046, 0.88046474, 9416, True
"GO:0071484", "cellular response to light intensity", 0.00210667995995491, null, null, 2.70842090013471, -1.75785125276312, 0.853932864781176, 0.88866747, 9416, True
"GO:0071483", "cellular response to blue light", 0.0134579672735943, null, null, 3.51308436046514, -2.01904235337776, 0.845255190825096, 0.89367746, 9416, True
"GO:0009658", "chloroplast organization", 0.036573616402825, 1.10810163089821, 5.80290835853009, 3.94718856552609, -23.3896586020337, 0.900601752061601, 0, null, False
"GO:0033614", "chloroplast proton-transporting ATP synthase complex assembly", 0.000156968310741738, null, null, 1.5910646070265, -2.29980500210402, 0.912204720501132, 0.7251643, 9658, True
"GO:0090391", "granum assembly", 0.00121030829071919, null, null, 2.46834733041216, -3.12204757558419, 0.907810979037266, 0.80216772, 9658, True
"GO:0032544", "plastid translation", 0.00222234082050145, null, null, 2.73158876518674, -6.8035128535954, 0.81629148258939, 0.82833623, 9658, True
"GO:0009902", "chloroplast relocation", 0.00505190115887225, null, null, 3.08778141780954, -3.06878554906547, 0.877293922963419, 0.86653704, 9658, True
"GO:0010020", "chloroplast fission", 0.00617133305916202, null, null, 3.17464119266045, -10.9376903872645, 0.908627556972952, 0.87638775, 9658, True
"GO:0010027", "thylakoid membrane organization", 0.00669180693162146, null, null, 3.20978301484852, -14.2704147676691, 0.907437205749902, 0.8804367, 9658, True
"GO:0009903", "chloroplast avoidance movement", 0.00283782182840984, null, null, 2.83758843823551, -1.38953761396112, 0.880588025060277, 0.97162864, 9658, True
"GO:0009904", "chloroplast accumulation movement", 0.00386224659325066, null, null, 2.97127584873811, -1.99033168450219, 0.878849389251909, 0.98656109, 9658, True
"GO:0019750", "chloroplast localization", 0.00532453033016054, null, null, 3.11058971029925, -1.42086165597732, 0.950674322110328, 0.99728345, 9658, True
"GO:0015976", "carbon utilization", 0.0412413582748819, 2.86363868086784, -8.08083903279265, 3.99934806920672, -3.29096314365354, 1, 0, null, False
"GO:0032502", "developmental process", 2.00765774034699, -4.51464740851227, 4.01243330928504, 5.68666218318046, -1.35882135671648, 1, 0, null, False
"GO:0045037", "protein import into chloroplast stroma", 0.00261889234237531, -2.57579324635752, 5.16346762216447, 2.80277372529198, -5.95200421533268, 0.949197260222553, 0.00562996, null, False
"GO:0045038", "protein import into chloroplast thylakoid membrane", 0.00102855550986034, null, null, 2.39794000867204, -5.36736728470751, 0.951271845318334, 0.8619053, 45037, True
"GO:0045036", "protein targeting to chloroplast", 0.00750969444548631, null, null, 3.25983269906348, -2.60348788041015, 0.947760571983986, 0.94737992, 45037, True
"GO:0008356", "asymmetric cell division", 0.0119171993813135, 3.94433883182864, 7.10785916404875, 3.46029632675748, -1.77333022241649, 0.986125604718718, 0.00613329, null, False
"GO:0009826", "unidimensional cell growth", 0.0125120266641243, -5.68884979445153, 2.22552654003815, 3.4814426285023, -5.46637282122861, 0.917090624385655, 0.00615097, null, False
"GO:0009825", "multidimensional cell growth", 0.00180513557352999, null, null, 2.6414741105041, -1.55743921177246, 0.985123336770019, 0.78880673, 9826, True
"GO:0016049", "cell growth", 0.0387794342432483, null, null, 3.97261933905962, -1.48836256627908, 0.983791490003656, 0.79982506, 9826, True
"GO:0015995", "chlorophyll biosynthetic process", 0.0510064395010258, 4.58943377948783, -1.1079872269675, 4.09163179062681, -18.7568676640819, 0.865463585054428, 0.00670882, null, False
"GO:0006782", "protoporphyrinogen IX biosynthetic process", 0.218214867146153, null, null, 4.72286416916876, -6.76894402346926, 0.851771336876442, 0.75987932, 15995, True
"GO:0019354", "siroheme biosynthetic process", 0.0531007272259222, null, null, 4.10910586375529, -1.53312082787743, 0.864889720398243, 0.80755319, 15995, True
"GO:0045454", "cell redox homeostasis", 0.18901463060317, -4.10783606612552, -4.00859601582076, 4.66047652498017, -5.3793609550853, 0.904033701691602, 0.00750432, null, False
"GO:0042026", "protein refolding", 0.0994022481497154, -4.9372415204579, 4.58446839916505, 4.38138586601338, -2.32167142162763, 0.981722037765361, 0.00788408, null, False
"GO:0007017", "microtubule-based process", 0.725920606750265, 3.36334073623679, -8.05890867129212, 5.24486320830306, -3.38148903890793, 0.990266585619026, 0.00928411, null, False
"GO:0000278", "mitotic cell cycle", 0.396229323762342, 4.41487546523302, 6.73025341509956, 4.98192275290013, -3.01694163279144, 0.977160370551723, 0.0099413, null, False
"GO:0007155", "cell adhesion", 0.56162022359888, 2.47505513103414, -8.21000975422897, 5.13341754442658, -1.71367654222864, 0.99045944128464, 0.01028439, null, False
"GO:0032259", "methylation", 3.29778028633333, -3.17045819028089, 3.18583065566589, 5.90219387361667, -1.35055027019021, 0.972900551323335, 0.03153444, null, False
"GO:0009768", "photosynthesis, light harvesting in photosystem I", 0.00469665708719358, 4.97182367406094, 6.35960881927995, 3.05614226205905, -14.5961889778747, 0.925817072191695, 0.03646433, null, False
"GO:0010207", "photosystem II assembly", 0.00750556370046679, null, null, 3.25959387888595, -13.0444651131511, 0.863842307258246, 0.71877323, 9768, True
"GO:0009773", "photosynthetic electron transport in photosystem I", 0.00737337985984217, null, null, 3.25188145455253, -6.41244290050105, 0.924761199708668, 0.73582453, 9768, True
"GO:0009767", "photosynthetic electron transport chain", 0.0304353293038191, null, null, 3.86740855652279, -6.22173162557132, 0.919483907691339, 0.79511538, 9768, True
"GO:0010206", "photosystem II repair", 0.00409356831434375, null, null, 2.99651167215418, -6.69198494263955, 0.89223240522909, 0.82805613, 9768, True
"GO:0009772", "photosynthetic electron transport in photosystem II", 0.012875532225842, null, null, 3.49387611085282, -1.5641254093406, 0.922540304662487, 0.87641553, 9768, True
"GO:0015979", "photosynthesis", 0.222428227066062, -2.27092889128319, 2.96302642713578, 4.73116957754869, -10.3723408802355, 0.959666737093225, 0.04674027, null, False
"GO:0005975", "carbohydrate metabolic process", 5.96269325897111, -0.926678439148412, 2.28543591137712, 6.15941438131305, -4.36911447576467, 0.949396873052527, 0.05562882, null, False
"GO:0018119", "peptidyl-cysteine S-nitrosylation", 0.000780710808689171, 6.16602263419161, 5.0912373834819, 2.27875360095283, -4.78588292599872, 0.930060792293743, 0.07839253, null, False
"GO:0009058", "biosynthetic process", 24.5555277051547, -1.428397368859, 3.13330373443516, 6.77412095683499, -1.85838765634844, 0.966454678834023, 0.08207021, null, False
"GO:0010021", "amylopectin biosynthetic process", 0.000702226653318302, 7.70344465288619, 0.24598550243734, 2.23299611039215, -5.36736728470751, 0.910126638576102, 0.11432836, null, False
"GO:0043610", "regulation of carbohydrate utilization", 4.54381952147136E-05, -2.38869555845451, 1.92940928882253, 1.07918124604762, -1.53312082787743, 0.963283824310272, 0.11561335, null, False
"GO:0010025", "wax biosynthetic process", 0.00139206107157805, 4.29342419792668, -6.62296024355998, 2.52891670027765, -1.98331310807931, 0.939931038407957, 0.11849788, null, False
"GO:0010216", "maintenance of DNA methylation", 0.00216037964520866, 5.38359558454547, 3.29380656595186, 2.71933128698373, -1.6655810643803, 0.919225949182071, 0.12940995, null, False
"GO:0010100", "negative regulation of photomorphogenesis", 0.00114421637040688, -5.5544831933274, -2.13521959112669, 2.44404479591808, -3.96137658219906, 0.907981473036867, 0.13674635, null, False
"GO:2000033", "regulation of seed dormancy process", 0.00071461888837686, null, null, 2.2405492482826, -3.34781556911347, 0.938765758150046, 0.70366068, 10100, True
"GO:1902448", "positive regulation of shade avoidance", 7.02226653318302E-05, null, null, 1.25527250510331, -1.75738795892646, 0.9360103279246, 0.78929289, 10100, True
"GO:0010187", "negative regulation of seed germination", 0.000962463589548025, null, null, 2.36921585741014, -1.61770909032978, 0.92315741903717, 0.82238979, 10100, True
"GO:1902326", "positive regulation of chlorophyll biosynthetic process", 0.000433728227049539, -2.99590225775617, -1.39065038348067, 2.02530586526477, -3.82408579942707, 0.936354189868347, 0.137878, null, False
"GO:0043447", "alkane biosynthetic process", 0.0209965769342172, 4.36398554230249, -5.57803630510899, 3.70620554188197, -1.75738795892646, 0.919081978750085, 0.14177421, null, False
"GO:0016120", "carotene biosynthetic process", 0.00109464743017265, null, null, 2.42488163663107, -1.71287143928267, 0.902254965679083, 0.83752364, 43447, True
"GO:0006833", "water transport", 0.0157216155442909, -2.08831443643299, 6.41122464621242, 3.58058287681437, -4.39639688733316, 0.97895846542527, 0.14323182, null, False
"GO:0010497", "plasmodesmata-mediated intercellular transport", 0.00307327429452245, -1.83291540180036, 6.67211687558427, 2.87215627274829, -2.033074194594, 0.974421691081662, 0.1444286, null, False
"GO:0080005", "photosystem stoichiometry adjustment", 0.000322198111522515, -1.84274752467641, -2.59470946670993, 1.89762709129044, -2.29980500210402, 0.942873102715511, 0.14470672, null, False
"GO:1905157", "positive regulation of photosynthesis", 0.000136314585644141, null, null, 1.53147891704226, -1.75738795892646, 0.930843887391785, 0.72391699, 80005, True
"GO:2000904", "regulation of starch metabolic process", 0.000912894649313792, -2.54935111091582, -2.7361376500223, 2.34635297445064, -2.64594710952553, 0.941334536527502, 0.15099861, null, False
"GO:2001006", "regulation of cellulose biosynthetic process", 0.00281716810331225, null, null, 2.83442070368153, -1.71367654222864, 0.937553958286273, 0.80194371, 2000904, True
"GO:0010581", "regulation of starch biosynthetic process", 0.000685703673240224, null, null, 2.22271647114758, -1.47435477868656, 0.941325930427906, 0.82669887, 2000904, True
"GO:0044070", "regulation of anion transport", 0.0110373506921559, -5.30759940577669, -4.62407555449812, 3.42699895875654, -1.53348723324844, 0.948164506927782, 0.15689519, null, False
"GO:1901528", "hydrogen peroxide mediated signaling pathway involved in stomatal movement", 0.000136314585644141, -2.38276494999883, -6.38318016973779, 1.53147891704226, -1.53312082787743, 0.904130354731433, 0.17581019, null, False
"GO:0006633", "fatty acid biosynthetic process", 0.793193920138159, 6.31360543915935, -3.22612632199222, 5.28335325044754, -8.60742354338132, 0.790101876927661, 0.18323737, null, False
"GO:0008610", "lipid biosynthetic process", 2.7252094576877, null, null, 5.81937215784756, -1.44238274969457, 0.865427086847009, 0.71177781, 6633, True
"GO:0006631", "fatty acid metabolic process", 1.14410897103637, null, null, 5.44244057104268, -3.89983583539115, 0.825875456683671, 0.74798063, 6633, True
"GO:0043085", "positive regulation of catalytic activity", 0.337015093907531, -5.1716362838809, -3.95291843571928, 4.91162628722174, -3.08720316628813, 0.943929720427887, 0.187767, null, False
"GO:0009625", "response to insect", 0.000685703673240224, -1.65359225731309, -6.96281109928128, 2.22271647114758, -3.33711898481823, 0.928202852361825, 0.19141587, null, False
"GO:0051302", "regulation of cell division", 0.086031026521531, -4.82061668263595, -3.75789814249607, 4.31864756900365, -1.35211931933055, 0.944838735680697, 0.19259804, null, False
"GO:1902334", "fructose export from vacuole to cytoplasm", 1.65229800780777E-05, -3.74124973610528, 5.35503539667409, 0.698970004336019, -1.53312082787743, 0.975855236119445, 0.20523334, null, False
"GO:0051641", "cellular localization", 2.35788708757196, -2.27976917006557, 5.93194740418261, 5.75649537707687, -1.52816357944941, 0.96200021069387, 0.21313319, null, False
"GO:0009741", "response to brassinosteroid", 0.0133175219429306, -0.598289970801571, -7.36942685319037, 3.50852971897129, -3.33360053902512, 0.900778898675999, 0.2286905, null, False
"GO:0009733", "response to auxin", 0.141837391735238, null, null, 4.53577499629203, -3.03312244123257, 0.895463873409807, 0.70701424, 9741, True
"GO:0009735", "response to cytokinin", 0.017328475356884, null, null, 3.62283547952152, -1.73087510544914, 0.907097127404311, 0.71924489, 9741, True
"GO:0009742", "brassinosteroid mediated signaling pathway", 0.0117684925606108, null, null, 3.45484486000851, -1.90024139257064, 0.848292721119344, 0.71945284, 9741, True
"GO:0009723", "response to ethylene", 0.0423525286851326, null, null, 4.01089331310438, -1.36879964279288, 0.902472465176837, 0.76411513, 9741, True
"GO:0009737", "response to abscisic acid", 0.0548025941739642, null, null, 4.12280546284744, -1.51915656576419, 0.893111130125695, 0.7781134, 9741, True
"GO:0009729", "detection of brassinosteroid stimulus", 0.000177622035839335, null, null, 1.64345267648619, -1.53312082787743, 0.914458611414928, 0.80065033, 9741, True
"GO:0097753", "membrane bending", 0.000413074501951942, 0.728842506564973, 6.77990385062185, 2.00432137378264, -1.53312082787743, 0.94450512840198, 0.23536857, null, False
"GO:0002181", "cytoplasmic translation", 0.136438507994727, 5.84609895778647, 0.338399836210091, 4.51892172197806, -9.75631193796922, 0.856385819110576, 0.23577512, null, False
"GO:0030388", "fructose 1,6-bisphosphate metabolic process", 0.0141519324368735, 1.81553445147777, -1.180178074763, 3.53491410442987, -3.72510123189896, 0.928423021245078, 0.23658895, null, False
"GO:1901259", "chloroplast rRNA processing", 0.0031476277048738, 2.86505323993018, 4.18774518486186, 2.88252453795488, -12.4092926492043, 0.863642802771354, 0.23738028, null, False
"GO:0090143", "nucleoid organization", 0.00064026547802551, 0.560307537290047, 6.54414172516004, 2.19312459835446, -1.75738795892646, 0.944781774649545, 0.24055926, null, False
"GO:0042793", "plastid transcription", 0.0027428146929609, 5.51723758522785, 0.951385641055111, 2.8228216453031, -7.66973240168334, 0.87933816987956, 0.24729083, null, False
"GO:0019761", "glucosinolate biosynthetic process", 0.000363505561717709, 5.2561316446184, -3.94607430181144, 1.94939000664491, -7.0419032498129, 0.876035312365465, 0.24949175, null, False
"GO:0019252", "starch biosynthetic process", 0.0192988407311947, 7.64425632167889, 1.11650059214089, 3.66959578102431, -7.5902191812449, 0.843817046759711, 0.25789272, null, False
"GO:0030244", "cellulose biosynthetic process", 0.0370982210203039, null, null, 3.9533730507267, -3.29061705152963, 0.839295131940076, 0.75151616, 19252, True
"GO:0009251", "glucan catabolic process", 0.131473352481264, null, null, 4.50282299421936, -1.47859793476423, 0.881545532250711, 0.75698822, 19252, True
"GO:0005978", "glycogen biosynthetic process", 0.110026524339919, null, null, 4.42548531070803, -2.8817656572639, 0.809047473115907, 0.84043579, 19252, True
"GO:0005980", "glycogen catabolic process", 0.0344875901679677, null, null, 3.9216864754836, -1.53312082787743, 0.85702688340362, 0.85056223, 19252, True
"GO:0005983", "starch catabolic process", 0.00242061658143838, null, null, 2.76863810124761, -6.89407809603355, 0.890385467450885, 0.87476942, 19252, True
"GO:0005977", "glycogen metabolic process", 0.183785107408458, null, null, 4.64829168962128, -1.75912705271709, 0.849679436912644, 0.95759527, 19252, True
"GO:0006662", "glycerol ether metabolic process", 0.0866795534895956, 6.57846708119611, -4.87158511914828, 4.32190897354751, -1.47463374908731, 0.909900028447363, 0.25939524, null, False
"GO:0110102", "ribulose bisphosphate carboxylase complex assembly", 0.00292043672880023, 1.44465368160689, 6.54334156814297, 2.85003325768977, -5.25179449080001, 0.927387093986327, 0.27484491, null, False
"GO:0019676", "ammonia assimilation cycle", 0.00174730514325672, 7.21179947434361, -4.09673462391427, 2.62736585659273, -3.12204757558419, 0.887812692480866, 0.27651393, null, False
"GO:0010239", "chloroplast mRNA processing", 0.00184644302372518, 4.4804112564912, 3.34008323140358, 2.65127801399814, -5.97417538910562, 0.915026703072302, 0.29503081, null, False
"GO:1902458", "positive regulation of stomatal opening", 0.000128053095605102, -2.69589983928192, -0.443137851146649, 1.50514997831991, -2.29980500210402, 0.946014780306852, 0.29817603, null, False
"GO:0046901", "tetrahydrofolylpolyglutamate biosynthetic process", 0.0673765820133813, 5.17229863564834, -0.773267650440095, 4.21250721277008, -2.29980500210402, 0.866912175253489, 0.3004806, null, False
"GO:0018920", "glyphosate metabolic process", 0.711481681415104, null, null, 5.23613653825773, -1.53312082787743, 0.841305154049405, 0.71582106, 46901, True
"GO:0035999", "tetrahydrofolate interconversion", 0.168191544959772, null, null, 4.60978643803461, -2.11554840169546, 0.868448357352091, 0.7795982, 46901, True
"GO:0031425", "chloroplast RNA processing", 0.00285434480848792, 4.07957260927172, 2.98631359678369, 2.84010609445676, -4.96773826547385, 0.916319522248748, 0.30120016, null, False
"GO:0080064", "4,4-dimethyl-9beta,19-cyclopropylsterol oxidation", 8.26149003903885E-06, 5.08616682231138, -6.83084812403751, 0.477121254719662, -1.53312082787743, 0.952681246697489, 0.31152944, null, False
"GO:0006002", "fructose 6-phosphate metabolic process", 0.0619322600776547, 1.99450141334589, -1.40678545235198, 4.17591750651009, -3.63521814236155, 0.921537257385294, 0.31322103, null, False
"GO:0045962", "positive regulation of development, heterochronic", 1.23922350585583E-05, -6.63482891636028, -0.973603888744157, 0.602059991327962, -1.47435477868656, 0.952431655465689, 0.31640089, null, False
"GO:0006952", "defense response", 0.925786704519712, -0.518446637062185, -6.54010227787902, 5.35048448933135, -3.73711968539261, 0.899708829332568, 0.31693941, null, False
"GO:0000373", "Group II intron splicing", 0.00833171270437067, 3.97449074999252, 2.63991502116685, 3.30492116190089, -2.34603590602477, 0.911263596630008, 0.31752951, null, False
"GO:0010236", "plastoquinone biosynthetic process", 0.00134662287636333, 7.49948873409077, -3.55478222789751, 2.51454775266029, -3.82408579942707, 0.887832298750836, 0.31935002, null, False
"GO:0015706", "nitrate transport", 0.0442485406490921, -2.82166968684398, 5.84689360282922, 4.02991110491244, -2.64552068693174, 0.968464290432783, 0.31940326, null, False
"GO:0006468", "protein phosphorylation", 4.23350556337001, 5.06792058621403, 1.16720894457286, 6.01067217067935, -7.55559336739704, 0.854924792159195, 0.325894, null, False
"GO:0000476", "maturation of 4.5S rRNA", 1.23922350585583E-05, 2.87288722086674, 4.7360790999246, 0.602059991327962, -1.53312082787743, 0.893673727080132, 0.33826561, null, False
"GO:0070509", "calcium ion import", 0.0181959318109831, -2.68096633627807, 6.21957772988191, 3.64404449281475, -1.53324640272045, 0.976060813951807, 0.34281995, null, False
"GO:0031022", "nuclear migration along microfilament", 0.000425466737010501, -1.66329977101867, 5.10756779578321, 2.01703333929878, -1.75738795892646, 0.954742938123962, 0.34336015, null, False
"GO:1904966", "positive regulation of vitamin E biosynthetic process", 2.47844701171165E-05, -2.57331771524984, -1.15346010881154, 0.845098040014257, -1.75738795892646, 0.938147984245477, 0.34419525, null, False
"GO:0044209", "AMP salvage", 0.085394891788525, 5.1041296412065, -1.56273598237883, 4.31542451193752, -2.64441705178296, 0.814521295062937, 0.35217578, null, False
"GO:0006189", "'de novo' IMP biosynthetic process", 0.427437102384811, null, null, 5.0148480261775, -2.31978648568492, 0.804692117110929, 0.78433734, 44209, True
"GO:0009052", "pentose-phosphate shunt, non-oxidative branch", 0.0279486208020684, 1.85222521150441, 0.197698632304771, 3.83039617648347, -1.47435477868656, 0.903116679065547, 0.36313733, null, False
"GO:1900871", "chloroplast mRNA modification", 0.000156968310741738, 5.08494248677844, 4.05447845479373, 1.5910646070265, -3.06657171272799, 0.922583405140404, 0.36407983, null, False
"GO:0010929", "positive regulation of auxin mediated signaling pathway", 0.000388290031834826, -4.19821245502823, -1.57687991292638, 1.97772360528885, -2.8817656572639, 0.929701703649429, 0.36713808, null, False
"GO:0010315", "auxin efflux", 0.00350287177655247, null, null, 2.92890769024395, -1.37223886432024, 0.887702791279556, 0.87532958, 10929, True
"GO:0000103", "sulfate assimilation", 0.0842093679679229, 4.29770596121848, -7.38801311855806, 4.30935332291878, -2.2946406621552, 0.942258420031462, 0.36809285, null, False
"GO:0046686", "response to cadmium ion", 0.0180720094603975, -0.22478613777377, -7.39761413540523, 3.64107731332537, -3.19664373615672, 0.912472846892307, 0.36868315, null, False
"GO:0019430", "removal of superoxide radicals", 0.115991320148105, null, null, 4.44841256951008, -2.2775671620091, 0.843143274715066, 0.75051905, 46686, True
"GO:0010343", "singlet oxygen-mediated programmed cell death", 0.00236691689618463, null, null, 2.75891189239797, -1.41846582264902, 0.895483721264307, 0.75819, 46686, True
"GO:0009649", "entrainment of circadian clock", 0.00742707954509592, -1.89736854735891, -5.89102116394246, 3.25503116334555, -2.04352540431089, 0.883009610517534, 0.37236315, null, False
"GO:1902183", "regulation of shoot apical meristem development", 0.000842671983981962, -6.40269113814892, -1.53597143624517, 2.31175386105575, -1.76239904984573, 0.94348378897094, 0.37428998, null, False
"GO:0009934", "regulation of meristem structural organization", 0.000950071354489467, -6.34777423387544, -1.43001722397916, 2.36361197989214, -3.39537902277517, 0.943179519760505, 0.37624704, null, False
"GO:0009090", "homoserine biosynthetic process", 0.00215211815516962, 7.07917088995652, -3.19450727246482, 2.71767050300226, -3.12204757558419, 0.861346984002513, 0.38167508, null, False
"GO:1903942", "positive regulation of respiratory gaseous exchange", 2.06537250975971E-05, -2.68610748492598, -0.0146539418789408, 0.778151250383644, -1.53312082787743, 0.946286003770128, 0.38823805, null, False
"GO:0010258", "NADH dehydrogenase complex (plastoquinone) assembly", 0.000743534103513496, 1.4053268120387, 6.71997971537326, 2.25767857486918, -4.53465041915333, 0.93186817811076, 0.39166532, null, False
"GO:0009635", "response to herbicide", 0.00430423631033924, -0.568156341162384, -6.99917791669981, 3.01828430842653, -1.76239904984573, 0.914143385654423, 0.39534721, null, False
"GO:0051513", "regulation of monopolar cell growth", 0.00349047954149391, -5.96245289960855, -1.62775609235437, 2.92737036303902, -2.43151478602682, 0.928495964136032, 0.3988704, null, False
"GO:0051512", "positive regulation of unidimensional cell growth", 0.000846802729001482, null, null, 2.31386722036915, -2.01785414376093, 0.919080298999661, 0.8970546, 51513, True
"GO:0010275", "NAD(P)H dehydrogenase complex assembly", 0.00118965456562159, 1.5673215452371, 6.6788032210405, 2.46089784275655, -2.30148807164771, 0.930391920617775, 0.40011712, null, False
"GO:0010305", "leaf vascular tissue pattern formation", 0.00207776474481827, -5.88720500273852, 1.62048992947502, 2.70243053644553, -2.6959197722597, 0.932075615411388, 0.40246578, null, False
"GO:0010190", "cytochrome b6f complex assembly", 0.00137966883651949, 1.65712921373236, 6.59380896784839, 2.52504480703685, -3.29059252417893, 0.929913232539705, 0.40285791, null, False
"GO:0006857", "oligopeptide transport", 0.123306869577674, -2.92345902410385, 5.56638120250429, 4.47497343294836, -1.93487804708499, 0.968608788215593, 0.40471546, null, False
"GO:0010158", "abaxial cell fate specification", 0.00542779895564852, -5.63273292485244, 2.35253762287761, 3.11892575282578, -1.5641254093406, 0.929428394623645, 0.40725373, null, False
"GO:0090610", "bundle sheath cell fate specification", 0.000483297167283772, null, null, 2.07188200730613, -1.53312082787743, 0.936811901636003, 0.73480107, 10158, True
"GO:0006432", "phenylalanyl-tRNA aminoacylation", 0.0912564189712231, 5.95858422923727, -0.45394377947531, 4.34425469255693, -2.29980500210402, 0.808862147563229, 0.40776554, null, False
"GO:1903428", "positive regulation of reactive oxygen species biosynthetic process", 0.00249910073680925, -3.20978667923651, -1.74008492332351, 2.78247262416629, -1.75752613450034, 0.931177947812035, 0.4128309, null, False
"GO:0006306", "DNA methylation", 0.211717205230449, 5.07134194470215, 2.56110896201205, 4.70973623785444, -5.38745497968242, 0.882047800212937, 0.41804251, null, False
"GO:0080111", "DNA demethylation", 0.0272463941487501, null, null, 3.81934648408045, -1.84226940412253, 0.897761090658947, 0.83854746, 6306, True
"GO:0000913", "preprophase band assembly", 0.00014044533066366, 2.34618086091575, 6.60106689911382, 1.54406804435028, -1.71287143928267, 0.927857768686541, 0.41807479, null, False
"GO:0010235", "guard mother cell cytokinesis", 0.000326328856542034, null, null, 1.90308998699194, -1.41846582264902, 0.903134734714314, 0.73017047, 913, True
"GO:0000727", "double-strand break repair via break-induced replication", 0.0102235939233106, 1.21719780894166, -3.76520077044927, 3.39375064034808, -1.39461445449188, 0.838611866549908, 0.42000487, null, False
"GO:0000160", "phosphorelay signal transduction system", 2.76884251732889, -2.28961869155432, -4.799812640896, 5.82627051521301, -1.63421357763953, 0.832991885045346, 0.42129548, null, False
"GO:0007165", "signal transduction", 7.31364928685992, null, null, 6.24810598806538, -1.42404683882419, 0.819898437900518, 0.77533093, 160, True
"GO:0030203", "glycosaminoglycan metabolic process", 1.03601150462057, 2.72803048644972, -0.738452555491494, 5.39933792185454, -2.30014679845901, 0.898650066960019, 0.42150311, null, False
"GO:0072699", "protein localization to cortical microtubule cytoskeleton", 0.000185883525878374, -2.05757596161375, 4.66187488136935, 1.66275783168157, -2.29980500210402, 0.964202997131289, 0.42164012, null, False
"GO:0015713", "phosphoglycerate transmembrane transport", 0.000702226653318302, -3.26699486727038, 5.74577833696621, 2.23299611039215, -2.01785414376093, 0.967913246285111, 0.42917611, null, False
"GO:0006508", "proteolysis", 5.81810066030785, 4.03290154400426, 0.967046534297646, 6.14875315124655, -1.88724721672599, 0.901966410243328, 0.42994373, null, False
"GO:0009624", "response to nematode", 0.0011483471154264, -1.55955239641527, -6.88210059338445, 2.4456042032736, -2.07213913938424, 0.926494253164488, 0.43372243, null, False
"GO:0006355", "regulation of transcription, DNA-templated", 10.0330757015203, -3.96306161949939, -2.97636955837479, 6.38540588000018, -3.49313801141198, 0.909100226728942, 0.43615192, null, False
"GO:2001141", "regulation of RNA biosynthetic process", 10.0417998350015, null, null, 6.38578335100394, -1.53785008153529, 0.909302347777774, 0.89130045, 6355, True
"GO:0000226", "microtubule cytoskeleton organization", 0.311896033443834, 1.09460146018022, 6.03373874396717, 4.87798721547624, -6.23237916576548, 0.899921758206167, 0.43924894, null, False
"GO:0007020", "microtubule nucleation", 0.0429721404380606, null, null, 4.01720034352384, -3.29180116109985, 0.894586112354236, 0.72319217, 226, True
"GO:0031122", "cytoplasmic microtubule organization", 0.033806017239747, null, null, 3.91301868374796, -2.00203869952446, 0.908878957232352, 0.73069324, 226, True
"GO:0051225", "spindle assembly", 0.0480240415969328, null, null, 4.06546767246565, -2.08415150614363, 0.888747919553476, 0.74735727, 226, True
"GO:0001578", "microtubule bundle formation", 0.0498209156804238, null, null, 4.08141932413493, -1.71287143928267, 0.907437252149417, 0.75460661, 226, True
"GO:0007018", "microtubule-based movement", 0.349985633268822, null, null, 4.92802695502939, -4.46110885122282, 0.96049527910379, 0.85594854, 226, True
"GO:0030705", "cytoskeleton-dependent intracellular transport", 0.0704829022680599, -2.14333747292827, 5.21748157615448, 4.23208084244137, -1.76326049373172, 0.954795225547131, 0.44188755, null, False
"GO:1902265", "abscisic acid homeostasis", 4.13074501951942E-05, -4.25171115012344, -5.55494713216495, 1.04139268515823, -1.53312082787743, 0.942711082099437, 0.44261347, null, False
"GO:0009657", "plastid organization", 0.0444509471550485, 1.0089511935531, 6.22549708503845, 4.03189298771048, -1.8136821810678, 0.923443532996486, 0.44560084, null, False
"GO:0043489", "RNA stabilization", 0.0103681699989938, -4.14273715130413, -3.52733387270256, 3.39984671271292, -3.06669734392924, 0.90496263301812, 0.44749348, null, False
"GO:0006396", "RNA processing", 3.83107599133337, 4.55286747899611, 1.83915606669939, 5.96729284688461, -1.63333457468787, 0.86635844238838, 0.44914802, null, False
"GO:0048366", "leaf development", 0.0171756377911618, -5.60779287126749, 1.86240238192794, 3.61898892036493, -5.1477348458816, 0.914052607971125, 0.45061394, null, False
"GO:0048829", "root cap development", 0.000603088772849836, null, null, 2.16731733474818, -1.51021264843348, 0.929494455614252, 0.70995719, 48366, True
"GO:0080147", "root hair cell development", 0.00422162140994885, null, null, 3.00987563371216, -2.49250474900168, 0.905382525605738, 0.78366878, 48366, True
"GO:0010091", "trichome branching", 0.00161512130263209, null, null, 2.59328606702046, -1.34729974088409, 0.923303872472596, 0.7839534, 48366, True
"GO:0010103", "stomatal complex morphogenesis", 0.010624276190204, null, null, 3.41043978621035, -1.9979565230509, 0.905744136690785, 0.86077788, 48366, True
"GO:0010480", "microsporocyte differentiation", 0.00458244466970584, null, null, 3.04532297878666, -1.53312082787743, 0.903511798581639, 0.89045743, 48366, True
"GO:0009965", "leaf morphogenesis", 0.00393660000360201, null, null, 2.9795483747041, -1.3302518784683, 0.916848207723451, 0.89459517, 48366, True
"GO:0048364", "root development", 0.0280105819773612, null, null, 3.83135778544207, -2.21112872676511, 0.915460322772648, 0.89601038, 48366, True
"GO:0010087", "phloem or xylem histogenesis", 0.0132101225724231, -5.87904345277259, 2.12674229100561, 3.50501424008411, -2.36218918992837, 0.93084692447531, 0.4520039, null, False
"GO:0046777", "protein autophosphorylation", 0.0790789826536798, 3.77990452118486, 1.37806895384051, 4.28205537068371, -1.41653446680433, 0.893510335706171, 0.45585816, null, False
"GO:0060918", "auxin transport", 0.0137925576201754, -3.80736801742822, -0.292701716949566, 3.52374646681156, -4.78923386020915, 0.90248530339741, 0.45591765, null, False
"GO:0010540", "basipetal auxin transport", 0.000305675131444437, null, null, 1.8750612633917, -2.82314961765622, 0.917505487988202, 0.73832522, 60918, True
"GO:0009926", "auxin polar transport", 0.00418444470477317, null, null, 3.00603795499732, -2.21812591188913, 0.907173093877838, 0.84016344, 60918, True
"GO:0071555", "cell wall organization", 0.910040304505304, 1.66169073406633, 5.92135445209411, 5.3430342104792, -3.64952208075903, 0.902085908410138, 0.45660263, null, False
"GO:0006268", "DNA unwinding involved in DNA replication", 0.0653318632287192, 2.87439732192569, 3.43768815092161, 4.19912411462333, -2.033074194594, 0.825259300369607, 0.45869623, null, False
"GO:0002758", "innate immune response-activating signal transduction", 0.0021479874101501, -2.32973095797228, -4.23462437027188, 2.71683772329952, -1.61450107449843, 0.858739048371982, 0.46101631, null, False
"GO:0033591", "response to L-ascorbic acid", 0.000148706820702699, -1.18120026772862, -7.26623978547745, 1.56820172406699, -1.75738795892646, 0.908636222696858, 0.46239393, null, False
"GO:0042335", "cuticle development", 0.0058697886727371, -5.70553004421228, 1.61075403147262, 3.15289959639375, -3.71310114310504, 0.931296171414043, 0.46345096, null, False
"GO:0055085", "transmembrane transport", 13.6217802288334, -2.40582011778644, 5.76353045562085, 6.51820561297785, -1.88678979944325, 0.955406311626037, 0.46426361, null, False
"GO:0033481", "galacturonate biosynthetic process", 5.36996852537525E-05, 6.75971621158718, -4.4898441312168, 1.14612803567824, -1.53312082787743, 0.89025010667165, 0.46695174, null, False
"GO:2000601", "positive regulation of Arp2/3 complex-mediated actin nucleation", 0.00948419056481659, -1.96272035019409, 0.340655622495606, 3.36116099519503, -1.41846582264902, 0.852039781925773, 0.46805946, null, False
"GO:0051016", "barbed-end actin filament capping", 0.022021001699058, null, null, 3.72689014074182, -1.41846582264902, 0.845986730864653, 0.72268038, 2000601, True
"GO:0016556", "mRNA modification", 0.0386059429524285, 4.83541827318444, 2.85100854251096, 3.97067224268972, -3.0680928602052, 0.898643720981375, 0.47092362, null, False
"GO:0009231", "riboflavin biosynthetic process", 0.241409000430754, 6.13411826524126, -1.82417405829065, 4.76673250106796, -1.5641254093406, 0.819982412090852, 0.47188879, null, False
"GO:0071258", "cellular response to gravity", 2.47844701171165E-05, 0.881851622706278, -6.94723519184316, 0.845098040014257, -2.29980500210402, 0.891550036039632, 0.47497763, null, False
"GO:0010493", "Lewis a epitope biosynthetic process", 7.43534103513496E-05, 7.77105737453475, 1.42739835720444, 1.27875360095283, -1.53312082787743, 0.872157668744633, 0.4764408, null, False
"GO:0010412", "mannan metabolic process", 0.00028502140634684, 7.68102338313812, 3.58409257337212, 1.84509804001426, -2.29980500210402, 0.899647737913174, 0.49078158, null, False
"GO:1990575", "mitochondrial L-ornithine transmembrane transport", 0.00148706820702699, -3.1410850535883, 5.81406732750027, 2.55750720190566, -1.53312082787743, 0.965935592305038, 0.49270137, null, False
"GO:0042274", "ribosomal small subunit biogenesis", 0.264933593316917, 1.44320909621204, 6.16500679562117, 4.80711541330202, -1.4759253934488, 0.919987842699994, 0.49720549, null, False
"GO:0048229", "gametophyte development", 0.0214137821811887, -5.78594387773712, 1.81902065875512, 3.71474876072506, -1.36539771046812, 0.926615553570147, 0.49848977, null, False
"GO:0010105", "negative regulation of ethylene-activated signaling pathway", 0.0028915215136636, -5.2711884045623, -2.90209205123155, 2.84571801796666, -2.033074194594, 0.924422643771509, 0.5034985, null, False
"GO:0009611", "response to wounding", 0.102041794217188, -0.484566404544448, -6.41297429685183, 4.39276727865564, -1.53327134682614, 0.912965972290294, 0.50352373, null, False
"GO:0051258", "protein polymerization", 0.118643258450637, 1.4646509789672, 6.3410380955241, 4.45822979822357, -1.47769931728047, 0.911738953091232, 0.50731951, null, False
"GO:0031222", "arabinan catabolic process", 0.0151598342216363, 8.3029007004171, 2.64603604186521, 3.56478438450399, -1.47435477868656, 0.899885562817011, 0.50814294, null, False
"GO:0000413", "protein peptidyl-prolyl isomerization", 0.429531390109708, 6.24439668979716, 3.54342760979054, 5.01697069615394, -4.00105052083883, 0.897508284250739, 0.50876417, null, False
"GO:0052544", "defense response by callose deposition in cell wall", 0.000247844701171165, 0.022218974724582, 2.91009712502365, 1.78532983501077, -1.93417674501015, 0.846046730502492, 0.51205263, null, False
"GO:0009793", "embryo development ending in seed dormancy", 0.0223803765157562, -5.5967929516171, 1.74520702744612, 3.73391915101239, -2.6993837986777, 0.914534560499085, 0.51231132, null, False
"GO:0140547", "acquisition of seed longevity", 0.000297413641405398, null, null, 1.86332286012046, -1.47435477868656, 0.930031238644438, 0.75725814, 9793, True
"GO:0009938", "negative regulation of gibberellic acid mediated signaling pathway", 0.00085919496406004, -5.47169344625657, -2.92194471670758, 2.32014628611105, -1.37223886432024, 0.928482157198133, 0.5160957, null, False
"GO:0006949", "syncytium formation", 0.00936026821423101, -5.78648128547272, 2.24367168900332, 3.35545152012652, -3.34781556911347, 0.927109529595761, 0.51854826, null, False
"GO:0010362", "negative regulation of anion channel activity by blue light", 0.000123922350585583, -5.64404306492442, -4.10311155367913, 1.49136169383427, -1.53312082787743, 0.940110426244654, 0.52406122, null, False
"GO:0046838", "phosphorylated carbohydrate dephosphorylation", 0.114467075235903, 8.01747629356232, 1.97278151767657, 4.44266787033725, -1.5339700018726, 0.882227081530782, 0.53161173, null, False
"GO:0009099", "valine biosynthetic process", 0.176225844022738, 6.54153513634143, -2.78899392786008, 4.63005139114239, -3.95160036529026, 0.82603349781702, 0.53209519, null, False
"GO:0016123", "xanthophyll biosynthetic process", 0.00133836138632429, 5.37631274077529, -5.87617110093116, 2.51188336097887, -4.53465041915333, 0.893392460713066, 0.53613684, null, False
"GO:0016117", "carotenoid biosynthetic process", 0.0452523116888353, null, null, 4.03965202358192, -3.9661797999763, 0.872259680052514, 0.81356363, 16123, True
"GO:0016122", "xanthophyll metabolic process", 0.00366810157733325, null, null, 2.94890176097021, -1.53483606650867, 0.928091359613397, 0.85315813, 16123, True
"GO:0010028", "xanthophyll cycle", 0.00199101909940836, null, null, 2.68394713075151, -2.29980500210402, 0.92904816129806, 0.92651624, 16123, True
"GO:0006656", "phosphatidylcholine biosynthetic process", 0.0265978671806856, 4.74797039369834, -2.80171482166226, 3.80888586735981, -1.39461445449188, 0.853547150845106, 0.53630096, null, False
"GO:0018026", "peptidyl-lysine monomethylation", 0.00860434187565896, 6.16199632506918, 4.73551124522052, 3.31889771462749, -3.12905706665902, 0.916648191096854, 0.53769617, null, False
"GO:0006183", "GTP biosynthetic process", 0.0501761597521024, 5.26573250516786, -1.2199527245853, 4.08450478324623, -1.47435477868656, 0.832265930306832, 0.55009024, null, False
"GO:0042372", "phylloquinone biosynthetic process", 0.00633656285994279, 7.38978227420666, -3.30065447233569, 3.18610837981321, -1.76239904984573, 0.87817978358862, 0.55220184, null, False
"GO:0009234", "menaquinone biosynthetic process", 0.11715619024361, null, null, 4.45275216496446, -1.53312082787743, 0.85460319865306, 0.70242611, 42372, True
"GO:0009684", "indoleacetic acid biosynthetic process", 0.000123922350585583, 3.84760392554137, -3.53657898211222, 1.49136169383427, -2.04353871725288, 0.811207684526397, 0.55379854, null, False
"GO:0006169", "adenosine salvage", 1.23922350585583E-05, 4.7619077112983, -3.51401215954554, 0.602059991327962, -1.53312082787743, 0.872758783712359, 0.55465376, null, False
"GO:0006284", "base-excision repair", 0.298165436998951, 1.5234795332661, -3.19933244753614, 4.8584349278256, -3.35869383802932, 0.802368401201411, 0.55495582, null, False
"GO:0017148", "negative regulation of translation", 0.181195130281219, -4.2880566246317, -2.94139178102719, 4.64212803428803, -2.46739192753631, 0.911183806288732, 0.55549881, null, False
"GO:0006342", "chromatin silencing", 0.0391016323547709, null, null, 3.97621237711738, -1.63059308650341, 0.845600885184943, 0.71599197, 17148, True
"GO:0080188", "gene silencing by RNA-directed DNA methylation", 0.00533692256521909, null, null, 3.11159852488039, -1.43919758752781, 0.921391141400863, 0.72910724, 17148, True
"GO:0006346", "DNA methylation-dependent heterochromatin assembly", 0.00103681699989937, null, null, 2.40140054078154, -1.47485519714344, 0.830809178257873, 0.77867682, 17148, True
"GO:0009089", "lysine biosynthetic process via diaminopimelate", 0.295009547804038, 6.65594790505006, -2.6146031714203, 4.85381376496174, -6.76894402346926, 0.80955218712829, 0.55780683, null, False
"GO:0009423", "chorismate biosynthetic process", 0.227835372296613, null, null, 4.7416006367845, -2.27714158138934, 0.831744812797162, 0.74829824, 9089, True
"GO:0009088", "threonine biosynthetic process", 0.177766611915018, null, null, 4.63383189884196, -3.49866726263926, 0.821159474222566, 0.79389278, 9089, True
"GO:0019877", "diaminopimelate biosynthetic process", 0.149074457009436, null, null, 4.55738688205951, -1.53312082787743, 0.83549003413562, 0.94187508, 9089, True
"GO:0009098", "leucine biosynthetic process", 0.192480325674547, 6.6179407831567, -2.7211420919412, 4.66836727704185, -5.59635765016061, 0.824955427345507, 0.55833881, null, False
"GO:0019464", "glycine decarboxylation via glycine cleavage system", 0.0880096533858808, 7.43236731204818, -2.69737310103935, 4.32852230587734, -2.8817656572639, 0.846065035135751, 0.55988034, null, False
"GO:0006535", "cysteine biosynthetic process from serine", 0.107651345953696, null, null, 4.41600774044929, -2.11554840169546, 0.811514639962901, 0.71781682, 19464, True
"GO:0009086", "methionine biosynthetic process", 0.351514008926044, null, null, 4.92991935327882, -1.56497588463499, 0.797787780192238, 0.84175513, 19464, True
"GO:0006564", "L-serine biosynthetic process", 0.0903022168717141, null, null, 4.33968988996648, -1.71287143928267, 0.827024354809474, 0.85844551, 19464, True
"GO:0051607", "defense response to virus", 0.146930600344306, -0.893848703007901, -6.48077397728614, 4.55109607458632, -1.77143439336964, 0.891184305484234, 0.5637907, null, False
"GO:0070681", "glutaminyl-tRNAGln biosynthesis via transamidation", 0.0130862002218375, 6.41915191453909, -1.17157145172712, 3.5009222391903, -1.53312082787743, 0.854781252182396, 0.56383111, null, False
"GO:0006165", "nucleoside diphosphate phosphorylation", 0.594083748707283, 5.17453550725275, -1.42329678158989, 5.15782230411534, -2.28795006243564, 0.832254197426556, 0.56677351, null, False
"GO:0006096", "glycolytic process", 0.532804146342713, null, null, 5.110542575007, -2.06603000395588, 0.734786071625303, 0.98336107, 6165, True
"GO:2001295", "malonyl-CoA biosynthetic process", 0.0819581119322849, 5.35244249534159, -1.39114983849274, 4.29758544529735, -2.43151478602682, 0.808350667406644, 0.56913519, null, False
"GO:0006086", "acetyl-CoA biosynthetic process from pyruvate", 0.0448888061271176, null, null, 4.03614962974585, -1.47435477868656, 0.795304042118803, 0.83142616, 2001295, True
"GO:0006085", "acetyl-CoA biosynthetic process", 0.120898645231294, null, null, 4.46640788465105, -1.71379693658329, 0.803362920325181, 0.89101137, 2001295, True
"GO:0010267", "production of ta-siRNAs involved in RNA interference", 0.00112356264530928, 0.230458388637857, -0.263818691359844, 2.43616264704076, -1.51021264843348, 0.857519187291377, 0.57248206, null, False
"GO:0010569", "regulation of double-strand break repair via homologous recombination", 0.0132266455525012, -4.71096096429527, -2.5563436052791, 3.50555693866382, -1.4186893340171, 0.925613582036981, 0.57696574, null, False
"GO:0005986", "sucrose biosynthetic process", 0.00886044806686916, 8.30048367028494, 1.04603456332636, 3.33162971762993, -2.31978648568492, 0.874874469499053, 0.57835166, null, False
"GO:0051639", "actin filament network formation", 0.00248257775673117, 0.601270693640517, 5.90919002479965, 2.77959649125782, -1.41846582264902, 0.922841565925326, 0.58213781, null, False
"GO:0045489", "pectin biosynthetic process", 0.0137925576201754, 7.91972243189174, 1.05340158570189, 3.52374646681156, -4.35989138915494, 0.863388968657583, 0.58259687, null, False
"GO:0045490", "pectin catabolic process", 0.0785295935660837, null, null, 4.27902780562272, -1.6400818957611, 0.887809409103436, 0.86736603, 45489, True
"GO:0016126", "sterol biosynthetic process", 0.0780462963988, 4.68662057056273, -2.5740382928119, 4.27634689625303, -3.84382158621551, 0.849830471400407, 0.5844405, null, False
"GO:0006021", "inositol biosynthetic process", 0.0282295114633957, null, null, 3.83473851890384, -3.12204757558419, 0.812699633514118, 0.72069984, 16126, True
"GO:0046855", "inositol phosphate dephosphorylation", 0.112798254248017, null, null, 4.43628989417964, -1.93417674501015, 0.818856979875733, 0.72954467, 16126, True
"GO:0008615", "pyridoxine biosynthetic process", 0.0830444978724185, null, null, 4.30330407743893, -2.43151478602682, 0.818801705177773, 0.77527433, 16126, True
"GO:0016132", "brassinosteroid biosynthetic process", 0.00552693683611699, null, null, 3.12678057701201, -1.73731983274562, 0.803996053796126, 0.77998862, 16126, True
"GO:0009443", "pyridoxal 5'-phosphate salvage", 0.0174028287672353, null, null, 3.62469453127208, -1.53312082787743, 0.806917150495221, 0.83792583, 16126, True
"GO:0042823", "pyridoxal phosphate biosynthetic process", 0.0962504896998221, null, null, 4.36739319792248, -1.41891291057492, 0.795536046239343, 0.94000356, 16126, True
"GO:0010106", "cellular response to iron ion starvation", 0.00170599769306152, -2.07316027862834, -5.57373147440714, 2.6170003411209, -1.47435477868656, 0.847959444432363, 0.58547318, null, False
"GO:0045717", "negative regulation of fatty acid biosynthetic process", 0.00659679979617252, -3.93625434689247, -2.71487854877959, 3.20357677497797, -1.75738795892646, 0.920223444725216, 0.58624731, null, False
"GO:0043953", "protein transport by the Tat complex", 0.0836641096253464, -2.77168889606703, 5.35002734732484, 4.30653224751961, -1.75738795892646, 0.956473160419161, 0.58931226, null, False
"GO:0009073", "aromatic amino acid family biosynthetic process", 0.573417631374628, 6.07031464455981, -1.88699368109514, 5.14244578307728, -2.2807360394834, 0.79542423863216, 0.59039378, null, False
"GO:0000162", "tryptophan biosynthetic process", 0.212122018242361, null, null, 4.71056581980064, -1.85636657794636, 0.800649476786491, 0.85111233, 9073, True
"GO:0000105", "histidine biosynthetic process", 0.38240785092703, 6.54536553378171, -2.52728940044946, 4.96650310316362, -5.30620184876587, 0.81608321464368, 0.59198384, null, False
"GO:0009833", "plant-type primary cell wall biogenesis", 0.00580782749744431, 2.5077536099864, 6.21877132704116, 3.14829409743475, -2.90095029366223, 0.907923101883835, 0.5931406, null, False
"GO:0009834", "plant-type secondary cell wall biogenesis", 0.0106036224651064, null, null, 3.40959501939682, -1.37798336256809, 0.918874644567888, 0.86329339, 9833, True
"GO:0070814", "hydrogen sulfide biosynthetic process", 0.0730026567299668, 4.89717708474663, -5.1817268352538, 4.24733485065746, -2.28453488851645, 0.898979676610649, 0.59388836, null, False
"GO:0043481", "anthocyanin accumulation in tissues in response to UV light", 6.19611752927913E-05, -1.19433179907841, -5.35985424692933, 1.20411998265592, -2.43151478602682, 0.849292869554243, 0.59615316, null, False
"GO:0009695", "jasmonic acid biosynthetic process", 0.00353591773670863, 6.2486641235303, -4.03540421648342, 2.9329808219232, -2.10117641702227, 0.852072777139043, 0.59655348, null, False
"GO:0000096", "sulfur amino acid metabolic process", 0.662984575632867, 6.43961286272031, -3.52751024314927, 5.20547774261708, -1.53566443743248, 0.844718589988536, 0.59659407, null, False
"GO:0009257", "10-formyltetrahydrofolate biosynthetic process", 0.000371767051756748, 6.99865028103864, -2.76282562781834, 1.95904139232109, -1.53312082787743, 0.860701865980635, 0.59841633, null, False
"GO:0019752", "carboxylic acid metabolic process", 9.06345353085344, 6.85931572658277, -3.52392792987427, 6.3412655224569, -1.47392699820459, 0.832640645669452, 0.59847264, null, False
"GO:0051085", "chaperone cofactor-dependent protein refolding", 0.0194021093566827, -4.88276659271136, 4.6472800698163, 3.67191301244159, -1.57067196536008, 0.981101212421825, 0.59883943, null, False
"GO:0051083", "'de novo' cotranslational protein folding", 0.0100459718874712, null, null, 3.38614210893082, -1.41846582264902, 0.981644388477468, 0.901988, 51085, True
"GO:0006094", "gluconeogenesis", 0.260922639902964, 7.35310831590768, -1.62213058097777, 4.80049025136984, -5.19693382299488, 0.8079508865186, 0.60040724, null, False
"GO:0006013", "mannose metabolic process", 0.0366149238530202, null, null, 3.94767873993694, -1.41846582264902, 0.873758115252899, 0.7082901, 6094, True
"GO:0019853", "L-ascorbic acid biosynthetic process", 0.00926113033376254, null, null, 3.35082927358297, -1.77239222031856, 0.825047172918348, 0.76752254, 6094, True
"GO:0006006", "glucose metabolic process", 0.422517385066564, null, null, 5.00982044126814, -1.74719964858832, 0.851246639131624, 0.86004287, 6094, True
"GO:0000025", "maltose catabolic process", 0.000363505561717709, 8.32116364722133, 2.83530508997921, 1.94939000664491, -1.53312082787743, 0.919745576719637, 0.60090081, null, False
"GO:0030104", "water homeostasis", 0.010624276190204, -4.23577807378745, -4.90132506780571, 3.41043978621035, -1.99849838516049, 0.928183512052406, 0.60190654, null, False
"GO:1902975", "mitotic DNA replication initiation", 0.00573347408709296, 5.47739005462729, 2.08466279855893, 3.14270224573762, -1.41846582264902, 0.873578909252632, 0.6041288, null, False
"GO:0070370", "cellular heat acclimation", 0.00248257775673117, 0.120262832575281, -6.320732517817, 2.77959649125782, -2.27714158138934, 0.866703625967932, 0.60435375, null, False
"GO:1903508", "positive regulation of nucleic acid-templated transcription", 0.701421158039496, -3.64944367909474, -2.33342119303175, 5.22995303173157, -1.52884651804951, 0.905362088792008, 0.60889798, null, False
"GO:0007639", "homeostasis of number of meristem cells", 0.000152837565722219, -5.58500791921187, -0.205341829463281, 1.57978359661681, -1.75738795892646, 0.86811655133953, 0.60917145, null, False
"GO:0042538", "hyperosmotic salinity response", 0.00292869821883927, 0.205789351057407, -6.45569585216337, 2.85125834871908, -2.09314887640299, 0.875066963296769, 0.61031727, null, False
"GO:0006412", "translation", 5.34694375263645, 5.6613614331449, 0.0318895733096178, 6.11207756315936, -23.0905648104999, 0.808578481417353, 0.61354827, null, False
"GO:0010268", "brassinosteroid homeostasis", 0.00482471018279869, -4.25490064758414, -5.10689711974165, 3.06781451116184, -1.51113886665752, 0.929854409174895, 0.6141037, null, False
"GO:0010161", "red light signaling pathway", 0.000115660860546544, -0.394898265158618, -5.73602939790293, 1.46239799789896, -2.55183946478407, 0.837430487033268, 0.61477689, null, False
"GO:0009585", "red, far-red light phototransduction", 0.00312284323475668, null, null, 2.87909587950007, -2.13557617332319, 0.803062107763544, 0.84122081, 10161, True
"GO:0009640", "photomorphogenesis", 0.0084432428198977, null, null, 3.31069331234336, -2.02850317446605, 0.787818411119592, 0.85115523, 10161, True
"GO:0010270", "photosystem II oxygen evolving complex assembly", 0.000293282896385879, 2.26754130669997, 6.32933993790102, 1.85733249643127, -2.29980500210402, 0.883179659180292, 0.61613558, null, False
"GO:0010167", "response to nitrate", 0.00406052235418759, -0.311370700307297, -7.5420111759811, 2.99299509843134, -2.13542626084316, 0.910728413164784, 0.61619608, null, False
"GO:0006429", "leucyl-tRNA aminoacylation", 0.0500315836764192, 6.01601305671952, -0.423976001692665, 4.0832517172216, -1.53312082787743, 0.816113469671462, 0.61923552, null, False
"GO:0080167", "response to karrikin", 0.00409769905936327, 0.403003796933541, -6.75257182150637, 2.99694924849538, -1.53312082787743, 0.88035548235521, 0.62280733, null, False
"GO:0009944", "polarity specification of adaxial/abaxial axis", 0.00115660860546544, -5.95545126084641, 1.6751468347625, 2.44870631990508, -1.49719673807472, 0.933859031050367, 0.62440739, null, False
"GO:0019288", "isopentenyl diphosphate biosynthetic process, methylerythritol 4-phosphate pathway", 0.16915400854932, 5.76867439018145, -2.76123599247574, 4.6122645114488, -2.6459592180951, 0.794864406660688, 0.62473555, null, False
"GO:0046166", "glyceraldehyde-3-phosphate biosynthetic process", 0.00165229800780777, null, null, 2.60314437262018, -1.53312082787743, 0.895710783901214, 0.73148526, 19288, True
"GO:0046294", "formaldehyde catabolic process", 0.024359003380106, null, null, 3.77070476821578, -2.55183946478407, 0.790766741670856, 0.73492688, 19288, True
"GO:0007275", "multicellular organism development", 1.32476297372004, -5.72565135578406, 1.73417722228323, 5.50611114762876, -1.81509380103422, 0.910143124765498, 0.62503668, null, False
"GO:0030154", "cell differentiation", 1.00690627521303, null, null, 5.38696244121462, -1.81146767891465, 0.907492502893979, 0.85847161, 7275, True
"GO:0048544", "recognition of pollen", 0.0599618947033439, -5.59777977487953, 0.779820694165283, 4.16187687682829, -1.67373433231177, 0.921902026919354, 0.62539964, null, False
"GO:0048868", "pollen tube development", 0.00799299161277008, null, null, 3.28690535297237, -1.3475015632418, 0.926766451567314, 0.86050143, 48544, True
"GO:0009097", "isoleucine biosynthetic process", 0.271480824172855, 6.676088912943, -2.54525740951883, 4.81771737907388, -5.30620184876587, 0.81768262697903, 0.62750329, null, False
"GO:0009955", "adaxial/abaxial pattern specification", 0.00144163001181228, -5.93298967235609, 1.55974130361064, 2.54406804435028, -2.27904177926259, 0.933199184232664, 0.63067978, null, False
"GO:0010960", "magnesium ion homeostasis", 0.0218351181731797, -4.21317256566311, -4.72034649704482, 3.72320931040511, -1.47435477868656, 0.925082174197148, 0.63140214, null, False
"GO:0006526", "arginine biosynthetic process", 0.3152749828698, 6.52563340276456, -2.64762128514351, 4.8826668129707, -3.95379701598639, 0.813642950299629, 0.63560361, null, False
"GO:0042450", "arginine biosynthetic process via ornithine", 0.0730646179052595, null, null, 4.24770328193417, -2.30005254483646, 0.831355541361135, 0.85148693, 6526, True
"GO:2000012", "regulation of auxin polar transport", 0.00227190976073568, -4.5998385778122, -4.77832666089298, 2.74115159885178, -1.7364490064916, 0.923405063446658, 0.63606386, null, False
"GO:0019253", "reductive pentose-phosphate cycle", 0.0105044845846379, 7.882324624273, 1.80013550232779, 3.40551710697638, -8.16600039988327, 0.857995777119417, 0.63728461, null, False
"GO:0043622", "cortical microtubule organization", 0.00707596621843677, 0.805991997735, 6.04980178707852, 3.23401081758718, -2.98964763146417, 0.916154436783071, 0.63807615, null, False
"GO:0061077", "chaperone-mediated protein folding", 0.0505272730787616, -4.98661495506934, 4.52533762589389, 4.08753297573409, -2.13945198144206, 0.982349544341323, 0.63835691, null, False
"GO:0008360", "regulation of cell shape", 0.722814286495587, -4.60578454510881, -3.26857942313414, 5.24300082184953, -1.74151562193871, 0.892269306392592, 0.63861058, null, False
"GO:0010322", "regulation of isopentenyl diphosphate biosynthetic process, methylerythritol 4-phosphate pathway", 6.60919203123108E-05, -1.89973861952194, -1.73569611174971, 1.23044892137827, -1.53328583421249, 0.940384593212607, 0.64047914, null, False
"GO:0009269", "response to desiccation", 0.00670419916668002, -0.116774479827085, -6.85740556582195, 3.21058602490516, -2.39069474857584, 0.845120835577037, 0.64206744, null, False
"GO:0009828", "plant-type cell wall loosening", 0.000128053095605102, 1.96900110255506, 5.84351818674393, 1.50514997831991, -2.66708678005308, 0.93425776412119, 0.64591329, null, False
"GO:0009854", "oxidative photosynthetic carbon pathway", 0.00318893515506899, 3.36234030154662, -7.24137876216971, 2.88817949391832, -2.28453488851645, 0.95500707002059, 0.64827439, null, False
"GO:0010117", "photoprotection", 0.00035937481669819, 0.63939588900529, -6.9401310946002, 1.94448267215017, -1.76239904984573, 0.880526362438469, 0.65176006, null, False
"GO:0009249", "protein lipoylation", 0.0835484487647998, 5.7725795579009, 3.900589652807, 4.30593147446331, -1.71287143928267, 0.897512192440012, 0.65485842, null, False
"GO:0006465", "signal peptide processing", 0.134129421528815, null, null, 4.51150903830923, -1.49719673807472, 0.894493848106321, 0.74858114, 9249, True
"GO:0033259", "plastid DNA replication", 1.65229800780777E-05, 2.40938725450386, 4.34198294100903, 0.698970004336019, -1.53312082787743, 0.854985835813041, 0.65578099, null, False
"GO:0042761", "very long-chain fatty acid biosynthetic process", 0.0138545187954681, 6.22226838821601, -3.81862616245388, 3.52569252450501, -4.40272532853516, 0.839052331564094, 0.65592716, null, False
"GO:0070417", "cellular response to cold", 0.00993857251696373, -0.00903075528999458, -6.37059303425001, 3.38147609027503, -2.32222012044485, 0.856415607801844, 0.65834829, null, False
"GO:0009631", "cold acclimation", 0.00371767051756748, null, null, 2.95472479097906, -1.31831274344914, 0.871173243288429, 0.80800261, 70417, True
"GO:0010411", "xyloglucan metabolic process", 0.0243672648701451, 7.49569089949888, 3.22983712714919, 3.77085201164214, -2.20121199476114, 0.870696340257895, 0.65847403, null, False
"GO:0045493", "xylan catabolic process", 0.0800455769882474, null, null, 4.28733136272058, -1.37223886432024, 0.856683722983906, 0.87424896, 10411, True
"GO:0034355", "NAD salvage", 0.000739403358493977, 4.33938008403231, -2.17858295849077, 2.25527250510331, -1.53312082787743, 0.861248849017128, 0.66048151, null, False
"GO:0010424", "DNA methylation on cytosine within a CG sequence", 0.000396551521873865, 5.59323102855469, 4.06638042746685, 1.98677173426624, -2.01785414376093, 0.917132120693616, 0.66087183, null, False
"GO:0030497", "fatty acid elongation", 0.0156018239387249, 6.30116802893671, -3.777796023999, 3.57726195358581, -2.38623808965147, 0.837938922114982, 0.66165472, null, False
"GO:0051013", "microtubule severing", 0.0126896486999637, 0.886551630141729, 5.96575391507012, 3.48756256025638, -1.41846582264902, 0.91409169809719, 0.66335624, null, False
"GO:0000038", "very long-chain fatty acid metabolic process", 0.0213394287708373, 6.19186286204416, -4.43367205353572, 3.71323846154566, -2.03858102991324, 0.865433273970997, 0.6651096, null, False
"GO:1904964", "positive regulation of phytol biosynthetic process", 1.65229800780777E-05, -2.4582251801679, -1.12397508361218, 0.698970004336019, -1.53312082787743, 0.937638538555769, 0.66646899, null, False
"GO:1990481", "mRNA pseudouridine synthesis", 0.00409769905936327, 4.97648143513384, 3.39068831418209, 2.99694924849538, -1.41846582264902, 0.909322566095385, 0.66957338, null, False
"GO:0006399", "tRNA metabolic process", 2.67969690906264, 4.35044121311177, 1.84055889722439, 5.8120579568735, -1.53677940107139, 0.872205511152591, 0.66974324, null, False
"GO:0009753", "response to jasmonic acid", 0.005741735577132, -0.492934556665167, -7.47828754571823, 3.14332712999205, -2.4481917060725, 0.905140236750699, 0.67188488, null, False
"GO:0006271", "DNA strand elongation involved in DNA replication", 0.0355285379128865, 5.70419446032773, 1.32701787264328, 3.93459943821807, -1.41903708090137, 0.873699798017009, 0.676264, null, False
"GO:0050829", "defense response to Gram-negative bacterium", 0.0150730885762264, -1.0362542325825, -6.47877061199846, 3.56229286445647, -1.49719673807472, 0.904125938119616, 0.67916167, null, False
"GO:0044205", "'de novo' UMP biosynthetic process", 0.258361577990862, 5.42412356354256, -1.12724390063097, 4.79620648405836, -2.01785414376093, 0.813348785969773, 0.68378495, null, False
"GO:0048281", "inflorescence morphogenesis", 0.000223060231054049, -5.48460044490831, 1.92325339443614, 1.74036268949424, -1.41846582264902, 0.925142612494059, 0.68449145, null, False
"GO:1901672", "positive regulation of systemic acquired resistance", 0.000384159286815306, -4.37178025958511, -1.56865471772672, 1.9731278535997, -1.41846582264902, 0.930830108304231, 0.68459672, null, False
"GO:0015994", "chlorophyll metabolic process", 0.0566407757076503, 2.35740623874255, 1.07005021950659, 4.13713247600899, -1.72543576739315, 0.912961242263509, 0.6856111, null, False
"GO:0010196", "nonphotochemical quenching", 0.000925286884372351, 0.556009902833941, -6.80255717028716, 2.35218251811136, -6.76894402346926, 0.875498484325212, 0.6861955, null, False
"GO:0006000", "fructose metabolic process", 0.02380961429251, 8.13358645370932, -1.05975878403881, 3.76079931163072, -2.55180311076576, 0.877036955029492, 0.6869611, null, False
"GO:0006636", "unsaturated fatty acid biosynthetic process", 0.026577213455588, 6.26610420279823, -3.65997543533812, 3.80854855124041, -2.49074746848533, 0.832748201715795, 0.68862095, null, False
"GO:0002230", "positive regulation of defense response to virus by host", 0.00505603190389177, -5.7039227038482, -2.8242073749545, 3.08813608870055, -1.41846582264902, 0.936539420604925, 0.6888596, null, False
"GO:0010075", "regulation of meristem growth", 0.00277999139813657, -5.79154216362995, 0.230766843343966, 2.82865989653532, -1.85741030012879, 0.87246412004615, 0.69431915, null, False
"GO:0009853", "photorespiration", 0.0102772936085643, 3.44297656962732, -7.27352390129066, 3.39602489660859, -1.5604579212255, 0.952210496255294, 0.69496406, null, False
"GO:0009769", "photosynthesis, light harvesting in photosystem II", 9.50071354489467E-05, 5.04654528214602, 6.35568047686735, 1.38021124171161, -1.76239904984573, 0.938006034056649, 0.69730535, null, False
"GO:0009750", "response to fructose", 0.00213559517509154, -0.615050261162649, -7.56082313226164, 2.71432975974523, -1.51021264843348, 0.912207018168751, 0.69864957, null, False
"GO:0048564", "photosystem I assembly", 0.00441989717088578, 2.1191254842415, 6.22864883400238, 3.02978947083186, -3.61083868099231, 0.86742453474473, 0.69973593, null, False
